Set Size,Average RT
5,1.607272072
10,1.601215546
,
SLOPE,-0.001211305
