Set,Average RT
5,1.711430396
10,1.720819898
,
SLOPE,0.0018779
