Set,Average RT
5,1.860624563
10,1.863465898
,
SLOPE,0.000568267
