Set,Average RT
5,1.671981768
10,1.674707015
,
SLOPE,0.000545049
