Set,Average RT
5,1.593858915
10,1.593133921
,
SLOPE,-0.000144999
